Modelo,Precision_10,NDCG_10,Hit_Rate_10
SVD,0.06833333333333336,0.08753694338098408,0.4166666666666667
KNN,0.04333333333333329,0.048580121908735854,0.22666666666666666
WND,0.0016666666666666668,0.0012851029142393088,0.016666666666666666
TFIDF,0.005333333333333335,0.008951917096629484,0.05
