Modelo,PrecisionAtK,RecallAtK,HitRateAtK,NDCGAtK,CoverageAtK
SVD,0.2523333333333335,0.042415588089113054,0.87,0.2667892552026116,0.06353124593997661
KNN Clásico,0.2740000000000001,0.04237420317989686,0.7833333333333333,0.29107677894999634,0.0335195530726257
Wide&Deep (Red Neuronal),0.6910000000000003,0.10502942341490415,0.99,0.6622352504058099,0.020462517864102896
Recomendación Basada en la Trama (TF-IDF),0.020999999999999994,0.002316833251581061,0.14333333333333334,0.023150002738744603,0.1272573730024685
Filtrado Implícito (BPR),0.3033333333333334,0.045336257824563,0.88,0.29829757268444285,0.14382226841626608
Red Neuronal NCF-Lite,0.8270000000000011,0.12975557312064398,1.0,0.7843759954568998,0.053397427569182795
Two-Towers Bi-Encoder,0.3070000000000002,0.042462248545356136,0.9,0.2925297381794725,0.017409380278030403
