Modelo,Precision_10,Recall_10,NDCG_10,Hit_Rate_10,Coverage_10
SVD,0.07200000000000002,0.0584326829596917,0.09251119370194044,0.44333333333333336,0.03292443795886725
KNN,0.047333333333333304,0.024577128731247237,0.04914965138466164,0.23,0.0705458525240549
WND,0.0010000000000000002,0.0005169753086419753,0.0008064614181410993,0.01,0.002644899448219253
TFIDF,0.006666666666666668,0.007673494837894806,0.01313849749994219,0.06666666666666667,0.0850927994892608
IMP,0.24200000000000013,0.25219657136879403,0.32835700276730795,0.8333333333333334,0.07583565142049341
NCF,0.1283333333333333,0.04162898154389622,0.1313348907184843,0.21666666666666667,0.014410141821332483
