Modelo,Precision_10,Recall_10,NDCG_10,Hit_Rate_10,Coverage_10
SVD,0.07800000000000004,0.05702234057347231,0.09534598966949752,0.4533333333333333,0.03228601395412468
KNN,0.05466666666666663,0.02500411401081338,0.05672310329885761,0.2633333333333333,0.07597245656436682
WND,0.0016666666666666668,0.002350840336134454,0.0015530924103435775,0.016666666666666666,0.002736102877468193
TFIDF,0.009000000000000003,0.006353655166526953,0.014759653465932141,0.08333333333333333,0.08208308632404579
IMP,0.24566666666666678,0.2478241178604007,0.3266881543747951,0.8566666666666667,0.07633727028136258
