Modelo,Precision_10,Recall_10,NDCG_10,Hit_Rate_10,Coverage_10
SVD,0.276,0.04497236311146921,0.2951685310972572,0.8566666666666667,0.040083907154909025
KNN,0.4996666666666664,0.06764997983883925,0.5084066614814113,0.9033333333333333,0.04327602717862192
WND,0.03199999999999997,0.0035706826775862796,0.02410279736472384,0.23,0.004195357745451229
TFIDF,0.013000000000000006,0.0015802797915847387,0.016045573141545234,0.10333333333333333,0.09111222581969082
IMP,0.30233333333333345,0.046671232924689644,0.29506340313391793,0.85,0.10319668019517533
NCF,0.8163333333333342,0.1331927178214495,0.7698998835236283,0.9966666666666667,0.039399881435541975
TT,0.2966666666666667,0.04334459046809362,0.27772003498142006,0.8566666666666667,0.01167403894386429
